{"std": 616.5764627242778, "mean": 182.6712762689519, "max": 3361.107945099252, "min": -0.009206545295662368}